﻿{
	"name": "Dot Warrior",
	"version": "1.0.0.0",
	"description": "",
	"id": "",
	"viewport-width": 830,
	"viewport-height": 480,
	"author": "",
	"email": "",
	"website": "",
	"orientations": "landscape",
	"c2version": "246",
	"used-plugins": [
		"Audio",
		"Keyboard",
		"LocalStorage",
		"Mouse",
		"Particles",
		"Sprite",
		"Spritefont2",
		"TiledBg",
		"Touch"
	],
	"used-behaviors": [
		"Bullet",
		"EightDir",
		"Fade",
		"LOS",
		"Persist",
		"Pin",
		"Rex_pushOutSolid",
		"Rotate",
		"Sin",
		"bound",
		"solid"
	]
}