﻿{
	"name": "SNAKEandBlocks",
	"version": "1.0.0.0",
	"description": "",
	"id": "",
	"viewport-width": 500,
	"viewport-height": 800,
	"author": "",
	"email": "",
	"website": "",
	"orientations": "portrait",
	"c2version": "247",
	"used-plugins": [
		"Arr",
		"Audio",
		"Function",
		"Mouse",
		"ScirraArcadeV4",
		"Sprite",
		"Text",
		"TiledBg",
		"Touch"
	],
	"used-behaviors": [
		"Anchor",
		"Bullet",
		"Rex_pushOutSolid",
		"Sin",
		"boundtolayout_plus",
		"scrollto",
		"solid"
	]
}